adp_rank_overall,adp_rank_skill,player,pos,team,consensus_adp,n_sources,source_spread,fp_ecr_half,delta_adp_minus_ecr,ecr_sd,ecr_best,ecr_worst,ffc_halfppr,yahoo,sleeper,rtsports,underdog_bestball,draftsharks_consensus
1,1,Jahmyr Gibbs,RB,DET,1.3,4,0.4,1,0,0.76,1,5,1.5,1.5,1.1,1.2,1.1,1.0
2,2,Bijan Robinson,RB,ATL,2.1,4,0.7,2,0,0.77,1,5,2.2,1.9,2.6,1.9,2.0,2.0
3,3,Ja'Marr Chase,WR,CIN,3.5,4,0.8,3,0,1.15,1,7,3.9,3.3,3.8,3.1,3.0,3.0
4,4,Puka Nacua,WR,LAR,4.2,4,1.6,4,0,1.42,1,9,3.1,4.7,4.4,4.5,4.2,4.0
5,5,Christian McCaffrey,RB,SF,5.8,4,1.2,8,-3,4.64,3,23,6.7,5.5,5.5,5.7,6.3,5.0
6,6,Jaxon Smith-Njigba,WR,SEA,6.1,4,1.3,5,1,1.46,3,11,5.4,6.7,6.1,6.1,5.5,6.0
7,7,Jonathan Taylor,RB,IND,6.8,4,2.1,7,0,3.12,4,20,6.0,7.1,6.1,8.1,7.7,7.0
8,8,Amon-Ra St. Brown,WR,DET,8.1,4,0.5,6,2,1.21,4,11,7.9,8.0,8.4,8.1,7.1,
9,9,James Cook III,RB,BUF,9.8,4,1.1,11,-2,3.72,5,24,9.4,9.9,10.5,9.4,10.2,9.0
10,10,CeeDee Lamb,WR,DAL,11.6,4,4.8,9,1,2.72,5,19,12.5,10.2,9.5,14.3,9.8,10.0
11,11,Justin Jefferson,WR,MIN,12.6,4,3.0,10,1,3.94,4,28,14.2,12.4,11.2,12.7,10.9,12.0
12,12,Ashton Jeanty,RB,LV,13.0,4,5.6,12,0,4.39,5,28,14.9,14.1,13.8,9.3,12.1,
13,13,De'Von Achane,RB,MIA,13.2,4,4.1,18,-5,7.24,5,45,11.6,15.7,12.0,13.3,16.9,14.0
14,14,Saquon Barkley,RB,PHI,14.7,4,4.6,16,-2,5.42,5,33,17.0,12.4,13.7,15.7,13.6,13.0
15,15,Chase Brown,RB,CIN,15.5,4,5.0,14,1,5.04,8,30,15.3,16.6,17.5,12.5,14.9,15.0
16,16,Drake London,WR,ATL,16.9,4,8.5,13,3,4.45,8,29,12.1,18.7,16.1,20.6,21.6,20.0
17,17,Derrick Henry,RB,BAL,17.3,4,10.6,22,-5,5.87,10,37,10.0,18.2,20.3,20.6,17.2,18.0
18,18,Omarion Hampton,RB,LAC,18.2,4,8.4,20,-2,5.99,10,40,23.5,18.6,15.5,15.1,16.6,16.0
19,19,Kenneth Walker,RB,KC,18.6,4,6.1,21,-2,9.14,10,55,21.8,17.0,19.9,15.7,14.4,17.0
20,20,A.J. Brown,WR,NE,20.6,4,6.7,15,5,5.55,8,33,19.7,25.0,18.3,19.5,18.8,19.0
21,21,George Pickens,WR,DAL,22.4,4,5.7,23,-2,5.7,11,39,19.2,22.4,23.3,24.9,23.3,25.0
22,22,Nico Collins,WR,HOU,23.9,4,3.8,19,3,4.77,12,39,21.9,22.2,25.7,25.6,21.9,22.0
23,23,Rashee Rice,WR,KC,26.6,4,18.1,27,-4,8.36,11,53,15.8,33.9,27.0,29.9,26.6,28.0
24,24,Josh Allen,QB,BUF,26.6,4,13.5,26,-2,5.67,20,46,33.2,19.7,24.5,29.1,36.7,24.0
25,25,Brock Bowers,TE,LV,27.2,4,22.4,17,8,3.67,11,32,43.4,21.0,22.1,22.5,20.2,
26,26,Trey McBride,TE,ARI,27.3,4,18.6,24,2,6.51,12,60,38.7,25.5,20.1,25.0,29.1,23.0
27,27,Jeremiyah Love,RB,ARI,27.9,4,3.1,40,-13,9.42,21,60,29.9,27.2,26.8,27.8,28.9,26.0
28,28,Chris Olave,WR,NO,28.1,4,9.3,25,3,6.07,11,39,24.0,33.3,30.3,24.6,26.7,30.0
29,29,Malik Nabers,WR,NYG,28.9,4,7.0,28,1,9.64,9,54,28.3,33.3,27.8,26.3,23.3,29.0
30,30,Kyren Williams,RB,LAR,29.8,4,7.2,31,-1,8.03,17,55,26.6,29.5,29.2,33.8,30.7,27.0
31,31,Josh Jacobs,RB,GB,30.9,4,8.8,36,-5,8.21,17,56,25.3,32.7,31.4,34.1,41.2,32.0
32,32,Javonte Williams,RB,DAL,32.9,4,8.7,34,-2,8.08,20,61,33.2,34.8,36.2,27.5,34.7,34.0
33,33,Breece Hall,RB,NYJ,33.2,4,4.7,35,-2,7.4,22,55,33.9,35.5,32.5,30.8,32.0,31.0
34,34,DeVonta Smith,WR,PHI,33.3,4,8.1,29,5,6.59,14,47,32.2,29.4,37.5,34.2,27.7,33.0
35,35,Zay Flowers,WR,BAL,34.2,4,16.0,30,5,7.02,18,52,25.1,37.0,41.1,33.7,30.8,38.0
36,36,Tee Higgins,WR,CIN,37.4,4,11.2,33,3,6.09,25,52,37.2,33.4,34.2,44.6,34.7,35.0
37,37,Tetairoa McMillan,WR,CAR,37.9,4,9.9,32,5,6.45,18,54,32.5,41.8,34.8,42.4,40.3,36.0
38,38,Emeka Egbuka,WR,TB,38.6,4,8.2,42,-4,8.01,19,68,35.0,43.2,40.5,35.7,34.9,37.0
39,39,Cam Skattebo,RB,NYG,39.0,4,10.1,51,-12,8.2,32,71,33.6,41.4,43.7,37.4,45.4,39.0
40,40,Ladd McConkey,WR,LAC,41.1,4,7.3,39,1,7.13,21,59,41.1,45.9,38.6,38.8,33.2,40.0
41,41,Garrett Wilson,WR,NYJ,41.9,4,17.6,37,4,7.11,24,63,31.7,49.3,45.8,41.0,39.1,43.0
42,42,Travis Etienne Jr.,RB,NO,42.6,4,4.3,45,-3,7.98,27,67,40.4,43.4,44.7,41.8,40.4,42.0
43,43,Bucky Irving,RB,TB,46.0,4,15.4,55,-12,8.42,37,82,44.4,54.7,39.3,45.6,54.5,47.0
44,44,Lamar Jackson,QB,BAL,47.0,4,27.3,38,6,12.8,24,79,56.5,37.3,33.5,60.8,56.1,41.0
45,45,Jaylen Waddle,WR,DEN,47.1,4,6.5,41,4,7.19,26,59,49.4,42.9,47.7,48.4,38.2,45.0
46,46,Colston Loveland,TE,CHI,47.3,4,22.3,43,3,13.45,22,97,61.9,39.6,41.3,46.4,44.2,44.0
47,47,D'Andre Swift,RB,CHI,48.9,4,12.5,50,-3,8.08,32,72,42.6,48.0,55.1,49.7,45.0,49.0
48,48,Quinshon Judkins,RB,CLE,49.2,4,13.1,54,-6,9.24,30,76,50.5,53.1,53.2,40.1,53.9,46.0
49,49,Davante Adams,WR,LAR,49.6,4,20.0,47,2,7.98,35,75,38.8,52.5,48.2,58.8,52.1,58.0
50,50,David Montgomery,RB,HOU,51.6,4,7.8,56,-6,7.95,37,79,55.1,52.6,51.4,47.3,47.1,48.0
51,51,Terry McLaurin,WR,WAS,52.1,4,10.5,46,5,7.29,32,68,45.4,54.2,55.9,53.1,48.2,52.0
52,52,DJ Moore,WR,BUF,53.0,4,24.0,59,-7,12.56,26,101,50.7,63.4,58.5,39.4,52.6,54.0
53,53,Luther Burden III,WR,CHI,54.2,4,16.4,48,5,10.81,31,80,62.4,58.5,50.1,46.0,46.0,51.0
54,54,Tyler Warren,TE,IND,55.0,4,24.6,53,1,12.07,24,84,70.6,47.2,46.0,56.4,63.5,53.0
55,55,Jameson Williams,WR,DET,55.5,4,24.9,52,3,9.45,38,89,41.1,66.0,57.3,57.7,51.4,56.0
56,56,Drake Maye,QB,NE,56.4,4,30.6,44,12,17.33,27,124,52.1,47.3,48.1,77.9,66.8,55.0
57,57,Bhayshul Tuten,RB,JAX,56.4,4,12.6,63,-6,10.0,41,88,52.8,62.2,61.1,49.6,50.0,
58,58,TreVeyon Henderson,RB,NE,56.4,4,9.4,64,-6,10.11,36,85,59.3,61.6,52.2,52.3,57.8,50.0
59,59,Rome Odunze,WR,CHI,59.4,4,22.3,60,-1,9.14,39,80,46.0,68.3,66.1,57.3,58.3,62.0
60,60,Mike Evans,WR,SF,59.5,4,11.2,58,2,9.83,37,80,55.0,66.2,59.5,57.5,49.8,60.0
61,61,Joe Burrow,QB,CIN,60.0,4,31.9,49,12,16.05,27,103,57.3,48.3,54.0,80.2,68.0,59.0
62,62,Christian Watson,WR,GB,63.6,4,12.7,57,5,10.03,40,91,56.4,67.7,69.1,61.2,57.2,65.0
63,63,Jadarian Price,RB,SEA,66.8,4,21.8,65,-2,10.22,43,116,76.6,66.1,69.7,54.8,61.3,61.0
64,64,Jayden Daniels,QB,WAS,68.3,4,32.8,61,3,16.43,27,107,70.5,53.8,62.5,86.6,68.6,64.0
65,65,Jaylen Warren,RB,PIT,70.3,4,14.4,71,-6,8.46,56,100,62.4,76.8,73.6,68.5,69.7,67.0
66,66,Carnell Tate,WR,TEN,70.7,4,15.1,72,-6,14.55,49,127,72.6,79.1,64.0,67.2,62.0,63.0
67,67,Parker Washington,WR,JAX,71.3,4,24.6,67,0,15.43,47,114,65.3,84.0,76.7,59.4,58.4,
68,68,Jalen Hurts,QB,PHI,72.7,4,33.7,62,6,12.42,29,97,80.4,56.8,62.9,90.5,71.9,66.0
69,69,Marvin Harrison Jr.,WR,ARI,73.7,4,13.7,70,-1,11.73,45,115,65.2,78.9,75.7,74.8,66.3,71.0
70,70,Brian Thomas Jr.,WR,JAX,73.7,4,15.1,74,-4,12.59,48,115,69.4,84.1,72.4,69.0,64.2,
71,71,Harold Fannin Jr.,TE,CLE,74.5,4,16.8,77,-6,15.95,34,165,83.9,71.4,67.1,75.5,103.7,76.0
72,72,Rhamondre Stevenson,RB,NE,75.6,4,16.9,73,-1,10.28,57,113,68.2,80.7,85.1,68.3,70.2,74.0
73,73,Tucker Kraft,TE,GB,76.2,4,41.5,68,5,10.07,54,96,102.5,61.0,65.6,75.7,78.1,68.0
74,74,DK Metcalf,WR,PIT,76.3,4,22.7,78,-4,12.07,50,120,63.8,86.5,74.3,80.7,74.5,75.0
75,75,Sam LaPorta,TE,DET,76.6,4,34.3,79,-4,11.69,50,137,94.4,62.9,60.1,89.1,88.9,72.0
76,76,Kyle Pitts Sr.,TE,ATL,77.5,4,16.7,82,-6,9.65,65,108,84.9,73.2,68.2,83.8,101.5,77.0
77,77,Tony Pollard,RB,TEN,78.0,4,22.6,76,1,10.75,53,115,65.0,85.5,87.6,74.0,77.2,80.0
78,78,Chuba Hubbard,RB,CAR,79.6,4,13.3,90,-12,15.73,59,133,74.1,80.8,76.1,87.4,95.9,79.0
79,79,Courtland Sutton,WR,DEN,80.2,4,42.7,84,-5,13.62,54,119,59.6,102.3,80.9,77.8,82.8,85.0
80,80,Rico Dowdle,RB,PIT,80.8,4,16.0,81,-1,11.23,60,117,74.8,87.2,88.5,72.5,84.3,82.0
81,81,Dak Prescott,QB,DAL,81.6,4,38.6,80,1,18.09,36,165,65.7,74.6,81.7,104.3,79.9,84.0
82,82,Caleb Williams,QB,CHI,82.2,4,29.8,66,16,14.89,27,98,90.1,68.5,71.9,98.3,72.8,73.0
83,83,Alec Pierce,WR,IND,83.6,4,43.3,92,-9,18.7,70,173,53.9,88.5,97.2,94.9,94.6,93.0
84,84,Michael Wilson,WR,ARI,84.0,4,31.1,88,-4,16.7,62,147,76.1,104.3,82.3,73.2,90.8,88.0
85,85,RJ Harvey,RB,DEN,86.2,4,27.8,94,-9,18.44,49,146,88.8,102.0,79.9,74.2,89.1,83.0
86,86,Chris Godwin Jr.,WR,TB,86.8,4,22.8,83,3,14.1,60,133,77.8,98.1,95.8,75.3,85.3,92.0
87,87,J.K. Dobbins,RB,DEN,90.0,4,14.1,85,2,13.8,67,126,83.5,97.6,92.6,86.3,95.9,89.0
88,88,Justin Herbert,QB,LAC,91.4,4,40.5,69,19,13.51,36,118,109.6,69.1,83.4,103.4,83.5,81.0
89,89,Michael Pittman Jr.,WR,PIT,92.4,3,20.7,87,2,13.92,55,125,81.4,119.9,102.1,93.6,99.9,102.0
90,90,Jordyn Tyson,WR,NO,93.8,4,36.0,127,-37,27.48,91,217,114.6,92.4,78.6,89.6,87.8,78.0
91,91,Trevor Lawrence,QB,JAX,94.1,4,14.1,75,16,13.28,36,108,94.8,85.0,97.5,99.1,86.2,
92,92,Wan'Dale Robinson,WR,TEN,95.0,3,29.2,97,-5,16.3,54,135,92.5,131.0,110.8,81.6,111.8,112.0
93,93,Jonathon Brooks,RB,CAR,96.8,4,50.2,86,7,29.95,59,234,103.5,100.5,116.6,66.4,77.7,87.0
94,94,Kyle Monangai,RB,CHI,96.9,4,23.0,102,-8,14.63,67,137,106.3,102.0,96.0,83.3,105.5,90.0
95,95,Josh Downs,WR,IND,99.4,4,25.5,95,0,16.48,63,147,85.3,110.8,109.6,91.8,82.8,103.0
96,96,Quentin Johnston,WR,LAC,99.4,4,23.5,89,7,13.24,69,139,85.4,108.5,108.9,94.8,74.3,96.0
97,97,George Kittle,TE,SF,100.6,4,32.2,96,1,15.66,55,153,120.0,87.8,90.3,104.2,113.7,97.0
98,98,Blake Corum,RB,LAR,101.2,4,38.0,91,7,13.9,71,139,119.8,99.6,103.5,81.8,88.4,94.0
99,99,Jakobi Meyers,WR,JAX,101.7,3,27.1,112,-13,17.79,67,165,86.7,128.6,104.6,113.8,116.5,
100,100,Jayden Reed,WR,GB,102.9,3,21.7,109,-9,16.79,68,158,92.8,120.0,114.5,101.3,78.7,98.0
101,101,Jaxson Dart,QB,NYG,103.1,4,38.3,98,3,18.89,61,198,121.8,86.2,83.5,120.8,102.4,95.0
102,102,Matthew Stafford,QB,LAR,103.2,4,55.4,108,-6,19.52,66,184,78.7,100.3,99.6,134.1,109.8,107.0
103,103,Kenneth Gainwell,RB,TB,103.9,4,29.4,106,-3,13.79,65,133,98.5,117.5,111.4,88.1,107.8,108.0
104,104,Makai Lemon,WR,PHI,104.1,4,25.0,113,-9,18.75,75,164,111.0,109.8,86.0,109.5,81.9,86.0
105,105,Jordan Addison,WR,MIN,104.3,4,28.6,104,1,15.95,79,149,89.3,117.9,104.5,105.7,88.9,99.0
106,106,Travis Kelce,TE,KC,105.2,4,29.6,105,1,15.48,68,157,123.2,93.9,93.6,110.3,122.6,106.0
107,107,Stefon Diggs,WR,WAS,106.3,4,21.7,103,4,33.2,61,230,94.2,111.1,115.9,103.9,95.2,111.0
108,108,Jacory Croskey-Merritt,RB,WAS,106.8,4,17.8,101,7,13.46,75,151,106.3,113.5,111.9,95.7,103.3,101.0
109,109,Brock Purdy,QB,SF,108.7,4,40.6,93,16,14.68,70,166,87.6,98.2,120.7,128.2,101.8,109.0
110,110,Jordan Mason,RB,MIN,110.1,4,32.4,107,3,17.19,71,161,117.8,117.6,118.7,86.3,100.5,105.0
111,111,Patrick Mahomes,QB,KC,111.0,4,34.5,99,12,15.66,69,164,104.2,99.1,107.2,133.6,96.5,100.0
112,,Brandon Aubrey,PK,DAL,111.1,4,50.4,201,,20.91,107,309,128.9,85.5,94.1,135.9,,
113,112,Rachaad White,RB,WAS,111.6,3,36.2,110,2,16.02,71,170,114.5,121.4,128.2,92.0,116.2,113.0
114,113,Aaron Jones Sr.,RB,MIN,113.6,3,20.9,115,-2,15.14,77,142,102.1,122.6,123.0,115.6,125.6,115.0
115,114,Isaiah Likely,TE,NYG,115.5,4,35.8,118,-4,29.3,84,255,137.6,109.1,113.7,101.8,127.5,116.0
116,115,Dallas Goedert,TE,PHI,116.3,4,35.3,117,-2,15.49,84,172,99.5,106.7,124.2,134.8,134.4,123.0
117,116,Bo Nix,QB,DEN,117.1,4,30.2,100,16,14.28,78,170,116.2,100.4,121.1,130.6,107.2,110.0
118,117,Dalton Kincaid,TE,BUF,117.3,4,60.8,114,3,15.45,84,182,150.8,99.6,90.0,129.0,122.7,104.0
119,118,Matthew Golden,WR,GB,117.8,3,29.1,130,-12,23.54,83,221,101.7,128.9,130.8,121.0,102.9,121.0
120,119,Xavier Worthy,WR,KC,120.3,3,39.3,124,-5,17.63,94,197,100.0,128.7,139.3,121.7,105.7,118.0
121,120,Romeo Doubs,WR,NE,120.7,3,24.2,135,-15,18.33,89,193,107.1,131.9,131.3,123.7,118.7,124.0
122,121,KC Concepcion,WR,CLE,121.3,3,6.5,125,-4,27.99,87,257,118.6,130.9,125.1,120.3,113.5,119.0
123,122,Jared Goff,QB,DET,121.5,4,28.2,111,11,17.26,62,190,105.3,114.6,132.8,133.5,110.7,120.0
124,123,Jake Ferguson,TE,DAL,123.2,4,45.5,119,4,17.15,91,180,146.3,114.9,100.8,131.0,134.0,114.0
125,124,Deebo Samuel Sr.,WR,SF,123.4,3,29.1,149,-25,32.98,79,245,108.5,127.7,137.6,124.2,127.5,126.0
126,125,Mark Andrews,TE,BAL,126.7,4,21.6,122,3,21.79,86,195,135.2,113.6,129.5,128.4,132.5,122.0
127,126,Khalil Shakir,WR,BUF,127.9,3,34.4,129,-3,15.85,82,167,105.3,131.4,138.6,139.7,130.2,133.0
128,127,Zach Charbonnet,RB,SEA,128.6,3,28.8,139,-12,25.89,78,236,131.2,129.1,141.7,112.9,162.1,130.0
129,128,Jalen Coker,WR,CAR,133.2,3,24.4,128,0,17.71,95,175,119.0,133.3,143.4,137.1,129.0,140.0
130,129,De'Zhaun Stribling,WR,SF,135.7,3,43.7,138,-9,40.75,78,268,140.3,125.6,155.2,111.5,119.2,131.0
131,130,Rashid Shaheed,WR,SEA,137.2,3,38.6,154,-24,19.07,109,222,119.6,128.3,158.2,133.9,133.5,139.0
132,131,Jayden Higgins,WR,HOU,137.7,3,24.6,,,,,,124.1,133.1,148.7,140.4,,
133,132,Kyler Murray,QB,MIN,138.6,4,47.7,116,16,18.52,58,205,135.4,111.4,159.1,148.3,113.6,132.0
134,133,Chris Rodriguez Jr.,RB,JAX,140.5,3,37.4,123,10,19.98,97,236,157.2,132.0,144.6,119.8,126.0,
135,134,Jo'quavioius Marks,RB,HOU,141.2,3,51.2,132,2,15.94,90,189,142.0,132.3,166.4,115.2,140.5,141.0
136,135,Tyler Allgeier,RB,ARI,142.1,3,31.0,131,4,14.52,106,219,155.6,129.9,146.1,124.6,140.8,129.0
137,136,Baker Mayfield,QB,TB,142.2,3,17.8,120,16,17.91,97,222,134.6,126.7,139.7,152.4,121.8,134.0
138,137,Tyrone Tracy Jr.,RB,NYG,143.3,3,42.8,133,4,22.18,113,242,150.9,131.0,160.9,118.1,143.6,128.0
139,138,Alvin Kamara,RB,NO,145.6,3,28.5,144,-6,30.89,102,265,144.9,126.2,160.2,131.7,173.6,142.0
140,139,Tyjae Spears,RB,TEN,146.5,3,39.2,137,2,16.56,112,202,144.7,133.0,167.0,127.8,155.0,153.0
141,,Cameron Dicker,PK,LAC,146.6,3,56.2,206,,19.38,134,311,146.1,123.0,118.8,175.0,,
142,140,Jonah Coleman,RB,DEN,147.5,3,52.7,147,-7,33.39,101,317,160.5,130.8,167.3,114.6,146.2,144.0
143,141,Denzel Boston,WR,CLE,148.9,3,24.9,151,-10,32.42,109,310,138.3,131.2,163.2,145.3,139.2,149.0
144,,Ka'imi Fairbairn,PK,HOU,151.1,3,48.1,204,,20.03,106,313,136.1,119.2,134.6,182.7,,
145,142,Brian Robinson,RB,ATL,151.8,3,18.2,155,-13,21.66,119,298,161.7,122.8,150.1,143.5,186.2,154.0
146,143,Keaton Mitchell,RB,LAC,152.4,3,59.2,141,2,30.69,111,337,155.7,132.2,180.4,121.2,129.4,148.0
147,144,Tyler Shough,QB,NO,153.9,3,31.9,126,18,26.11,88,287,137.5,130.0,169.4,154.9,125.9,147.0
148,,Jason Myers,PK,SEA,154.1,3,70.3,214,,19.83,135,317,136.1,124.4,127.9,198.2,,
149,145,Jordan Love,QB,GB,155.9,3,20.4,121,24,18.78,90,231,154.1,124.4,146.6,167.0,116.7,137.0
150,146,Hunter Henry,TE,NE,156.5,3,43.0,145,1,20.64,110,208,161.3,127.8,132.6,175.6,153.3,143.0
151,147,Tank Bigsby,RB,PHI,158.8,3,40.7,142,5,17.86,121,215,154.8,130.9,181.2,140.5,151.9,152.0
152,148,Jalen Nailor,WR,LV,160.5,3,38.0,169,-21,39.21,126,306,145.9,130.3,183.9,151.8,148.1,
153,149,Brenton Strange,TE,JAX,161.7,3,20.4,143,6,23.27,111,228,162.0,128.8,151.4,171.8,149.8,
154,150,Isiah Pacheco,RB,DET,162.2,3,43.1,157,-7,24.1,116,246,156.6,126.3,186.6,143.5,179.5,157.0
155,151,Oronde Gadsden,TE,LAC,163.9,2,91.9,160,-9,38.58,96,255,,126.5,117.9,209.8,174.9,138.0
156,152,Juwan Johnson,TE,NO,164.1,3,45.7,134,18,19.99,96,226,163.9,129.2,187.1,141.4,144.9,164.0
157,153,MarShawn Lloyd,RB,GB,166.6,3,63.7,168,-15,47.71,120,312,162.8,132.3,200.3,136.6,155.3,168.0
158,154,Chig Okonkwo,TE,WAS,166.9,2,10.1,150,4,28.13,109,253,,126.3,171.9,161.8,145.7,155.0
159,155,Jalen McMillan,WR,TB,167.8,3,58.4,161,-6,28.11,122,298,137.4,129.7,195.8,170.2,154.5,174.0
160,156,Kenyon Sadiq,TE,NYJ,169.2,2,47.2,184,-28,33.45,141,374,,130.0,145.6,192.8,181.9,159.0
161,157,Jauan Jennings,WR,MIN,169.5,3,55.3,162,-5,30.59,94,276,138.8,127.7,194.1,175.5,165.7,163.0
162,158,Dylan Sampson,RB,CLE,169.5,3,41.8,148,10,22.88,117,252,172.8,,188.7,146.9,174.4,169.0
163,159,Malik Willis,QB,MIA,172.0,3,36.0,136,23,46.19,92,496,156.5,124.8,192.5,166.9,134.0,160.0
164,160,Travis Hunter,WR,JAX,173.6,3,39.2,181,-21,35.84,109,297,158.2,126.7,165.1,197.4,152.4,
165,161,Omar Cooper Jr.,WR,NYJ,173.7,3,24.1,172,-11,37.56,135,318,161.9,130.4,173.3,186.0,162.2,165.0
166,162,Sam Darnold,QB,SEA,174.7,3,51.8,146,16,24.62,112,296,147.4,123.1,177.5,199.2,142.4,146.0
167,163,Mike Washington Jr.,RB,LV,175.1,3,44.3,196,-33,37.21,133,299,165.3,128.5,202.1,157.8,175.9,
168,164,T.J. Hockenson,TE,MIN,175.1,3,18.4,165,-1,25.61,131,253,177.1,129.7,164.9,183.3,170.6,172.0
169,165,Ricky Pearsall,WR,SF,179.6,2,129.7,,,,,,,114.7,244.4,,,
170,166,Jaydon Blue,RB,DAL,187.7,3,68.8,220,-54,45.96,126,349,167.0,127.9,232.5,163.7,172.8,185.0
171,167,C.J. Stroud,QB,HOU,194.7,3,47.2,140,27,27.61,107,295,166.0,125.8,204.9,213.2,146.6,166.0
172,168,Daniel Jones,QB,IND,198.6,3,57.8,152,16,36.31,104,313,165.9,127.9,206.2,223.7,145.4,178.0
173,169,David Njoku,TE,LAC,200.9,2,13.1,238,-69,26.22,154,309,,124.7,207.5,194.4,212.3,
174,170,Isaac TeSlaa,WR,DET,202.1,3,32.5,219,-49,24.62,160,298,180.7,126.0,212.4,213.2,190.1,
175,171,Greg Dulcich,TE,MIA,204.8,3,53.4,269,-98,43.07,128,361,177.0,132.1,230.4,207.0,187.4,
176,172,Dalton Schultz,TE,HOU,205.1,2,23.8,156,16,26.56,110,238,,129.2,193.2,217.0,163.0,180.0
177,173,Aaron Rodgers,QB,PIT,207.6,3,162.4,208,-35,48.78,128,493,,116.3,227.9,278.7,183.0,204.0
178,174,Terrance Ferguson,TE,LA,208.0,2,2.8,185,-11,41.66,129,394,,126.1,209.4,206.6,165.5,
179,175,James Conner,RB,ARI,210.9,2,10.8,212,-37,35.65,121,296,,126.1,216.3,205.5,215.5,198.0
180,176,Cooper Kupp,WR,SEA,218.0,3,119.2,234,-58,28.7,164,301,154.8,120.6,225.1,274.0,212.5,
181,177,AJ Barner,TE,SEA,218.2,2,65.6,167,10,23.8,123,245,,126.2,185.4,251.0,178.5,171.0
182,178,Cam Ward,QB,TEN,222.5,2,28.6,153,25,43.91,124,494,,125.7,208.2,236.8,153.6,176.0
183,179,Fernando Mendoza,QB,LV,229.8,2,103.0,228,-49,59.88,177,738,,120.8,178.3,281.3,185.8,
184,180,Tyreek Hill,WR,FA,236.6,2,46.4,317,-137,45.58,154,385,,131.5,213.4,259.8,215.6,
185,181,Bryce Young,QB,CAR,241.2,2,23.0,164,17,44.86,133,492,,122.8,229.7,252.7,164.5,183.0
186,182,Pat Freiermuth,TE,PIT,255.4,2,31.0,215,-33,26.42,154,289,,124.5,239.9,270.9,196.9,208.0
